<?xml version="1.0" encoding="UTF-8"?>
<project-private xmlns="http://www.netbeans.org/ns/project-private/1">
    <editor-bookmarks xmlns="http://www.netbeans.org/ns/editor-bookmarks/2" lastBookmarkId="0"/>
    <open-files xmlns="http://www.netbeans.org/ns/projectui-open-files/2">
        <group>
            <file>file:/home/andre/Documentos/BAN/BAN0002/SALPD/src/dao/ApelidosDAO.java</file>
            <file>file:/home/andre/Documentos/BAN/BAN0002/SALPD/src/dao/Usuario_TipoDAO.java</file>
            <file>file:/home/andre/Documentos/BAN/BAN0002/SALPD/src/util/Toolbox.java</file>
            <file>file:/home/andre/Documentos/BAN/BAN0002/SALPD/src/conexao/Conexao.java</file>
            <file>file:/home/andre/Documentos/BAN/BAN0002/SALPD/src/app/Main.java</file>
            <file>file:/home/andre/Documentos/BAN/BAN0002/SALPD/src/util/Operacao.java</file>
            <file>file:/home/andre/Documentos/BAN/BAN0002/SALPD/src/negocio/NegocioFacade.java</file>
            <file>file:/home/andre/Documentos/BAN/BAN0002/SALPD/src/modelo/Denuncia.java</file>
        </group>
    </open-files>
</project-private>
